date,northern_flow,sjr_flow,exports,dxc,net_delta_cu,daily_max-min,sjr_vernalis_ec,sac_greens_ec
9/1/2013,17094.7,598,9818,1,2573.47,5,595,184
9/2/2013,16905.24,598,9396,1,1782.8,4.9,586,182
9/3/2013,16561.46,593,8864,1,2263.95,4.9,612,182
9/4/2013,16493.31,528,8930,1,2313.64,5,546,181
9/5/2013,16677.12,502,8773,1,2331.04,4.8,510,178
9/6/2013,16881.03,557,8431,1,2539.78,4.6,450,181
9/7/2013,16814.02,596,7981,1,2851.16,4.5,527,178
9/8/2013,16460.64,702,8274,1,2804.72,4.6,560,178
9/9/2013,15936.13,735,8474,1,2868.41,4.7,594,179
9/10/2013,14596.66,644,7594,1,2115.08,4.9,600,179
9/11/2013,14548.68,577,6753,1,1683,4.6,566,176
9/12/2013,13899.06,621,6018,1,2027.34,4.8,512,189
9/13/2013,13205.2,622,5587,1,2274.26,4.8,498,189
9/14/2013,12857.11,639,5022,1,2041.1,5.1,490,191
9/15/2013,12843.67,675,4354,1,2115.6,5.2,594,188
9/16/2013,13135.82,703,4638,1,2183.46,5.2,619,180
9/17/2013,12707.36,658,5295,1,1870.76,4.9,610,176
9/18/2013,12312.86,645,5887,1,2101.84,5,589,167
9/19/2013,11951.38,638,5792,1,2298.28,4.8,578,167
9/20/2013,10637.45,647,5468,1,1836.88,4.8,635,171
9/21/2013,10321.83,732,6003,1,737.35,4.8,645,177
9/22/2013,11246.04,957,6051,1,1443.8,4.9,603,173
9/23/2013,11299.66,1161,6498,1,1774.73,4.8,400,166
9/24/2013,11001.02,1296,7256,1,1366.43,4.4,319,169
9/25/2013,10889.84,1393,7039,1,1097.03,4.2,310,170
9/26/2013,11164.89,1398,7588,1,1534.19,4.1,323,169
9/27/2013,10779.68,1436,6003,1,1743.8,4.1,312,164
9/28/2013,10517.62,1508,6030,1,1987.7,4.1,283,164
9/29/2013,10203.67,1425,5437,1,1639.78,4.3,299,155
9/30/2013,10081.08,1211,5449,1,1554.27,4.2,404,154
10/1/2013,9862.55,1061,4912,1,1794.9,4.1,498,151
10/2/2013,9360.75,997,4905,1,1979.97,4.2,547,151
10/3/2013,9635.55,940,4201,1,1807.85,4.3,578,159
10/4/2013,9037.41,965,4855,1,2050.81,4.6,623,154
10/5/2013,8379.45,980,4234,1,1964.5,5,578,154
10/6/2013,8519.18,984,4236,1,2193.01,5.1,577,158
10/7/2013,8345.01,975,4243,1,2083.75,5.5,607,154
10/8/2013,8668.08,964,3777,0.67,1889.1,5.5,639,159
10/9/2013,8574.11,955,3795,0,1688.79,5.5,579,153
10/10/2013,8447.06,910,3898,0.37,1806.28,5.3,611,154
10/11/2013,8325.43,913,3883,1,1802.13,5,658,158
10/12/2013,8201.19,951,3778,1,1844.84,5.1,613,152
10/13/2013,8518.86,972,3754,1,1759.71,4.7,645,149
10/14/2013,8024.53,963,3749,1,1856.9,4.7,665,152
10/15/2013,7917.74,1054,3788,1,1888.68,4.9,620,148
10/16/2013,7956.95,1212,3774,1,1808.48,4.7,509,149
10/17/2013,7707.53,1225,3742,0.39,1880.45,5,516,160
10/18/2013,7548.71,1218,3723,0.38,1803.43,5.3,541,155
10/19/2013,7226.62,1132,3513,1,1750.11,5.4,630,154
10/20/2013,6921.77,1199,3456,1,1701.97,5.5,629,154
10/21/2013,6828.79,1216,3495,0.41,1679.78,5.4,577,153
10/22/2013,7297.81,1178,3354,0,1836.97,5.1,571,151
10/23/2013,6714.85,1215,2770,0,1773.62,4.9,546,155
10/24/2013,7030.81,1524,2109,0,1479.76,4.5,465,156
10/25/2013,7269.41,2242,2395,0,1611.47,4.1,312,155
10/26/2013,6918.75,2511,2393,0,1720.26,3.9,294,165
10/27/2013,5276.49,2642,2668,0,1559.57,4.2,295,165
10/28/2013,7731.83,2671,2192,0,1369.16,3.5,248,166
10/29/2013,8030.13,2575,1755,0,1366.76,3.9,223,154
10/30/2013,8200.99,2306,2843,0,1461.84,4.2,242,165
10/31/2013,8776.06,2012,4843,0.57,1264.85,4.6,283,174
11/1/2013,9006.61,1739,3412,1,2850.36,5.1,347,176
11/2/2013,9212.59,1578,3870,1,2788.82,5.5,423,175
11/3/2013,10143.71,1430,3965,1,2441.98,5.9,486,170
11/4/2013,10070.56,1343,4954,0.42,2652.83,6.3,554,166
11/5/2013,9898.21,1277,5040,0,2754.97,6.3,604,161
11/6/2013,9602.94,1221,5069,0,2741.99,6.2,622,161
11/7/2013,9351.18,1170,5663,0,2797.95,5.9,652,158
11/8/2013,9544.3,1131,4982,0.58,2759.63,5.4,689,161
11/9/2013,9391.45,1096,5170,1,2751.21,5.1,738,162
11/10/2013,9151.44,1080,5167,1,2657.13,4.7,735,171
11/11/2013,9172.35,1080,4485,1,2658.56,4.8,744,171
11/12/2013,8835.1,1069,4593,0.43,2622.92,4.7,744,183
11/13/2013,8639.56,1065,4589,0,2779.88,4.8,737,189
11/14/2013,8431.97,1060,5207,0,2567.5,5.2,718,188
11/15/2013,8498.46,1040,4110,0.64,2586.04,5.5,718,186
11/16/2013,8479.38,1042,3559,1,2525.95,5.8,724,198
11/17/2013,8609.37,1044,4057,1,2522.46,5.9,718,190
11/18/2013,8391.05,1046,4027,0.41,2485.18,5.8,705,195
11/19/2013,8508.38,1048,4789,0,1442.61,5.4,716,198
11/20/2013,8790.03,1092,2631,0,-575.63,5.2,695,207
11/21/2013,9954.11,1307,2429,0,-1410.75,5.1,658,201
11/22/2013,9228.34,1247,2274,0.47,-850.93,4.5,652,207
11/23/2013,9306.6,1185,2048,1,-1049.78,4.1,716,217
11/24/2013,9055.31,1137,2786,1,-225,4,726,230
11/25/2013,9153.66,1104,2164,0.42,1918.06,4,753,215
11/26/2013,8693,1074,3043,0,2402.37,3.9,776,221
11/27/2013,8514.87,1073,2449,0.57,2471.75,4,779,220
11/28/2013,8209.66,1076,2573,1,2586.56,4.3,773,215
11/29/2013,8553.84,1095,2531,1,2559.99,4.9,795,219
11/30/2013,8512.45,1108,2534,1,2544.34,5.4,812,215
12/1/2013,8443.27,1113,2583,0.47,2430.71,5.9,820,210
12/2/2013,8184,1113,2544,0,2411.66,6.2,827,215
12/3/2013,8388.25,1088,2535,0,2242.69,6.8,832,215
12/4/2013,8722.43,1070,2299,0,2195.61,6.8,826,218
12/5/2013,8521.75,1034,2295,0,2217.41,6.5,822,216
12/6/2013,8342.01,1024,2285,0,1235.28,5.6,814,220
12/7/2013,8825.12,1046,2285,0,1271.99,5.4,801,224
12/8/2013,9105.86,1074,2305,0,1245.73,4.9,826,212
12/9/2013,8924.93,1075,2579,0,1355.09,5.1,853,220
12/10/2013,8686.35,1048,2480,0,1395.98,4.9,854,226
12/11/2013,8497.86,1017,2576,0,1944.17,4.7,840,214
12/12/2013,8435.58,992,2746,0,2367.39,5.2,857,204
12/13/2013,8530.76,988,2557,0,2380.22,5.6,862,199
12/14/2013,8634.93,992,3057,0,2342.91,5.7,855,198.33
12/15/2013,8594.27,1028,4133,0,2370.28,5.7,865,197.67
12/16/2013,8543.75,1034,3447,0,2405.07,5.8,868,197
12/17/2013,8591.96,1010,2796,0,2319.11,5.8,862,202
12/18/2013,8438.8,995,1355,0,2343.28,5.6,863,210
12/19/2013,9376.63,972,3743,0,2306.9,5.6,873,214
12/20/2013,8585.25,959,3457,0,2308.49,5.2,868,209
12/21/2013,8896.2,970,3198,0,2323.37,4.8,864,206
12/22/2013,9022.9,976,3066,0,2366.58,4.3,854,196
12/23/2013,8816.68,976,3000,0,2344.78,4.2,871,197
12/24/2013,8704.44,980,2431,0,2415.49,4.2,884,204
12/25/2013,8726.09,983,3015,0,2366.68,4,906,203
12/26/2013,8446.9,983,3035,0,2394.87,4.1,918,200
12/27/2013,8310.91,986,2979,0,2290.57,4.8,961,198
12/28/2013,8197.26,969,2533,0,2409.64,5.4,921,196
12/29/2013,8339.84,970,2522,0,2356.04,6,907,202
12/30/2013,8145.57,981,2531,0,2352.22,6.4,920,198
12/31/2013,8191.79,990,2082,0,2368.32,6.7,930,199
1/1/2014,8273.01,987,2763,0,2435.85,6.9,943,195
1/2/2014,8387.02,981,1698,0,2443.32,6.6,959,193
1/3/2014,8140.7,979,2054,0,2441.12,6.2,977,196
1/4/2014,8267.06,957,2050,0,2445.91,5.7,973,196
1/5/2014,8458.88,944,1996,0,2453.76,5,975,199
1/6/2014,8276.02,939,2016,0,2311.57,4.8,971,198
1/7/2014,7881.82,890,2544,0,2381.86,4.8,1015,208
1/8/2014,7563.48,842,2285,0,2177.81,4.5,1021,204
1/9/2014,7048.1,800,1590,0,2319.01,4.8,1018,211
1/10/2014,6872.65,792,1518,0,2370.13,5.2,1032,218
1/11/2014,6244.17,788,1452,0,2240.64,5.4,1041,217
1/12/2014,7061.94,781,1318,0,2321.9,5.6,1053,220
1/13/2014,6601.78,773,1547,0,2375.01,5.7,1052,226
1/14/2014,6563.08,718,1753,0,2438.02,5.8,1016,224
1/15/2014,6674.27,682,1671,0,2517.08,5.5,1040,226
1/16/2014,6474.75,687,1254,0,2538.41,5.5,1042,226
1/17/2014,6379.47,718,1335,0,2532.38,5.3,951,230
1/18/2014,6125.38,755,1524,0,2511.78,5,922,228
1/19/2014,6182.27,811,1575,0,2544.45,4.7,947,228
1/20/2014,6307.35,835,1569,0,2561.25,4.3,1003,234
1/21/2014,6168.08,831,1561,0,2572.88,4.1,993,225
1/22/2014,5804.52,832,1541,0,2557.48,3.7,1009,216
1/23/2014,5973.15,835,1456,0,2536.57,3.9,978,233
1/24/2014,5975.76,872,1568,0,2592.36,4.4,972,228
1/25/2014,5824.84,912,1549,0,2629.44,4.9,982,216
1/26/2014,5656.84,939,1517,0,2548.06,5.5,960,223
1/27/2014,5729.32,937,1282,0,2437.24,6,985,224
1/28/2014,5934.64,918,607,0,2447.96,6.4,941,234
1/29/2014,5952.94,983,775,0,2357.08,6.5,804,231
1/30/2014,6330.38,927,560,0,1854.62,6.5,873,234
1/31/2014,7300.9,892,540,0,2175.92,6.3,902,242
2/1/2014,7519.79,879,582,0.57,231.61,5.8,876,266
2/2/2014,7201.29,872,632,1,-405.58,5.3,858,247
2/3/2014,6935.62,897,503,1,-139.26,4.9,828,241
2/4/2014,7171.52,894,596,1,142.53,4.6,820,237
2/5/2014,7278.23,861,615,1,-139.86,4.6,810,243
2/6/2014,7849.65,875,572,1,-993.47,4.5,785,249
2/7/2014,8021.27,912,575,1,-1625.49,4.7,837,246
2/8/2014,9093.67,952,535,1,-3686.29,4.7,889,253
2/9/2014,15592.92,997,1090,1,-5795,5,923,246
2/10/2014,21990.71,1000,1137,0.42,-5500.78,5.4,967,224
2/11/2014,24511.41,1007,3659,0,-4666.07,5.3,1017,204
2/12/2014,25197.81,989,6316,0,-3938.59,5.4,1011,193
2/13/2014,21117.43,964,6591,0,-1790.79,5.5,1083,192
2/14/2014,16576.48,938,5440,0,274.98,5.3,1071,204
2/15/2014,13906.73,892,4786,0,302.25,5.1,1052,194
2/16/2014,13213.31,862,5572,0,428.94,4.8,1045,195
2/17/2014,12316.45,845,5626,0,446.16,4.5,1046,236
2/18/2014,11582.81,803,5524,0,465.51,4.2,1028,242
2/19/2014,10949.4,739,4430,0,427.37,4.2,965,242
2/20/2014,10278.88,698,3215,0,528.7,4.4,942,236
2/21/2014,9622.71,650,2695,0,595.28,4.6,899,228
2/22/2014,8673.6,604,2703,0,660.63,4.8,823,239
2/23/2014,8050.79,599,1496,0,682.18,5.2,796,250
2/24/2014,7724.91,595,1456,0,717.26,5.6,792,255
2/25/2014,7333.14,597,1371,0,635.86,5.6,789,233
2/26/2014,7478.33,604,1636,0,-613.23,5.8,787,249
2/27/2014,7807.7,652,1372,0,-372.92,6,798,253
2/28/2014,9983.77,836,1489,0,-3169.58,5.6,806,263
3/1/2014,16184.62,1174,2144,0,-2673.79,5.5,773,257
3/2/2014,21540.11,1082,3550,0,-2556.79,5.3,904,252
3/3/2014,22226.1,977,4277,0,-2490.8,4.9,1110,224
3/4/2014,20525.19,970,5537,0,-2061.68,5.1,1205,205
3/5/2014,20806.31,963,4852,0,-99.25,5.1,1224,213
3/6/2014,27770.92,924,5721,0,545.64,5.2,1213,205
3/7/2014,29441.34,913,7499,0,937.59,5,1226,164
3/8/2014,27033.35,910,7152,0,992.95,4.8,1232,170
3/9/2014,24013.97,946,6816,0,743.12,4.7,1188,184
3/10/2014,20847.19,998,6463,0,670.73,4.9,1112,199
3/11/2014,18640.87,974,7207,0,983.79,4.6,1023,201
3/12/2014,22178.66,972,6681,0,1123.69,4.8,1015,202
3/13/2014,23398.95,979,6014,0,1259.25,4.8,968,165
3/14/2014,20297.28,978,5666,0,1058.67,4.8,914,158
3/15/2014,16333.5,961,7038,0,1298.29,4.8,915,191
3/16/2014,13552.71,961,6920,0,1343.03,4.4,918,187
3/17/2014,12119.48,949,5482,0,899.37,4.4,898,202
3/18/2014,10922.21,868,5686,0,969.75,4.8,869,213
3/19/2014,9812.34,784,4917,0,1206.71,5.1,819,228
3/20/2014,8875.23,729,4332,0,1170.36,5.1,733,231
3/21/2014,8318.01,708,2674,0,1148.76,5.1,690,240
3/22/2014,8321.12,675,2226,0,1076.59,5.2,639,229
3/23/2014,8310.42,658,1826,0,1180.69,5.1,654,223
3/24/2014,8207.28,676,1825,0,1314.81,5.2,684,234
3/25/2014,7490.42,605,1831,0,720.06,5.2,590,230
3/26/2014,7130.15,560,2133,0,10.06,5.3,522,228
3/27/2014,8355.03,578,1733,0,947.75,5.3,486,222
3/28/2014,8391.66,591,1573,0,1349.89,5.1,450,220
3/29/2014,8837.99,579,1339,0,-474.53,4.9,577.67,225
3/30/2014,10452.91,726,1562,0,800.7,5.1,705.33,236
3/31/2014,12891.23,794,1294,0,-427.37,5.4,833,222
4/1/2014,18839.7,767,3935,0,-1237.11,5.6,934,202
4/2/2014,20052.2,806,5232,0,-540.41,5.8,965,171
4/3/2014,18821.96,840,5729,0,304.17,5.5,967,163
4/4/2014,17792.15,836,6234,0,-978.87,5.3,1053,162
4/5/2014,16146.41,833,5895,0,230.94,5,1101,167.33
4/6/2014,14296.94,824,6041,0,1795.2,4.7,1142,172.67
4/7/2014,12679.33,816,5887,0,1967.54,4.2,1196,178
4/8/2014,11280.74,734,4444,0,2083.52,4.1,1223,186
4/9/2014,10628.39,700,4434,0,1936.6,4.3,1160,190
4/10/2014,10333.14,731,5087,0,2157.59,4.4,1011,190
4/11/2014,9713.38,786,4829,0,1625.36,4.3,859,199
4/12/2014,9662.11,829,4825,0,1493.1,4.2,765,201
4/13/2014,10220.81,850,4189,0,1933.76,4.5,747,200
4/14/2014,9441.71,833,3917,0,1968.9,4.8,765,203
4/15/2014,8901.09,857,2111,0,2037.04,5.2,699,203
4/16/2014,8053.53,1458,3124,0,2109.65,5.6,376,201
4/17/2014,7297.44,2060,1619,0,2252.63,5.7,349,195
4/18/2014,7326.53,2760,2345,0,1913.75,5.8,239,198
4/19/2014,7082.12,2941,2621,0,1729.87,5.8,146,205
4/20/2014,7637.5,2868,2624,0,2259.43,5.6,164,203
4/21/2014,6844.93,2896,2723,0,1982.4,5.3,191,200
4/22/2014,7490.26,2844,3279,0,1418.22,5,164,198
4/23/2014,8292.84,2768,3412,0,1739.42,5,115,188
4/24/2014,7016.95,2735,2885,0,1547.99,5,88,182
4/25/2014,6856.02,2898,2860,0,236.97,4.9,78,179
4/26/2014,6877.36,3011,2853,0,1892.29,5,102,174
4/27/2014,6928.32,3035,3194,0,1644.82,5.4,206,173
4/28/2014,7144.8,2984,2955,0,2004.85,5.8,204,178
4/29/2014,6682.77,2925,3103,0,2443.96,6,211,182
4/30/2014,6442.43,2867,3115,0,2813.9,6.1,197,184
5/1/2014,6273.88,2795,2759,0,3169.36,6,184,192
5/2/2014,5717.33,2488,2988,0,2982.8,5.8,184,188
5/3/2014,4881.54,2288,2933,0,1996.02,5.4,167,192
5/4/2014,5253.62,2276,2229,0,1894.48,5.1,179,189
5/5/2014,5044.22,2263,1727,0,1758.03,4.6,181,189
5/6/2014,5451.93,2226,1346,0,2112.6,4.4,175,186
5/7/2014,4677.87,2215,1551,0,2162.52,4.2,176,184
5/8/2014,4189.58,2174,1550,0,1807.5,4.2,151,183
5/9/2014,4755.26,2170,1546,0,1800.04,4.2,145,188
5/10/2014,5740.08,2143,1449,0,2005.86,4.2,136,188
5/11/2014,5635.85,2174,1546,0,2542.88,5,134,183
5/12/2014,5642.93,2190,1388,0,2934.37,5.5,126,182
5/13/2014,5461.1,2101,1293,0,3282.45,5.8,118,182
5/14/2014,5250.43,2061,1274,0,3260.99,6.2,125,184
5/15/2014,4463.86,2067,1291,0,3335.53,6.3,106,181
5/16/2014,5102.57,1929,1632,0,2975.94,6.3,123,185
5/17/2014,5753.98,1550,1406,0,2344.32,6.4,162,180
5/18/2014,5553.23,1179,1377,0,2012.15,6.2,208,171
5/19/2014,5944.46,987,1242,0,1905.46,5.8,236,167
5/20/2014,6830.45,888,1279,0,2088.54,5.3,230,161
5/21/2014,6272.38,834,1415,0,2665.05,5.1,213,167
5/22/2014,6298.1,786,1180,0,2721.96,4.9,238,173
5/23/2014,6261.17,724,1135,0.57,2932.21,4.8,245,168
5/24/2014,6426.12,699,1247,1,2890.57,5,257,164
5/25/2014,6719.02,723,1177,1,3251.32,5.4,268,163
5/26/2014,6550.56,692,1203,1,3170.68,5.8,235,157
5/27/2014,6812.02,612,1099,0.45,2800.94,5.8,257,156
5/28/2014,7582.31,562,1225,0,2617.86,6.1,296,155
5/29/2014,7503.46,524,1155,0,2993.43,6.1,315,163
5/30/2014,7540.11,510,1138,0,2886.75,5.9,281,169
5/31/2014,7882.04,526,1171,0,2910.18,5.7,283,181
6/1/2014,7586.79,485,1215,0,3261.71,5.3,296,170
6/2/2014,7019.64,472,1182,0,2436.33,4.9,317,148
6/3/2014,8296.62,452,1331,0,2823.83,4.6,312,157
6/4/2014,8061.64,439,1286,0,3379.52,4.3,296,156
6/5/2014,7937.7,410.5,1273,0,3136.11,4.2,304,156
6/6/2014,8189.19,382,1244,0.57,3068.17,4.1,357,157
6/7/2014,8361.57,382,1243,1,3426.64,4,380,156
6/8/2014,8579.21,394,829,1,3884.42,4.7,369,159
6/9/2014,7915.55,391,897,0.45,3954.87,5.3,365,167
6/10/2014,7321.09,369,1071,0,3249.41,5.7,426,160
6/11/2014,7580.23,342,961,0,2571.81,5.9,432,160
6/12/2014,8173.69,316,795,0,2712.4,6.2,439,155
6/13/2014,8885.98,317,825,0.58,3013.16,6.6,405,151
6/14/2014,8321.95,316,984,1,3112.05,6.7,410,146
6/15/2014,8642.41,316,800,1,2842.89,6.5,383,152
6/16/2014,9019.6,324,809,1,2421.98,6.2,374,155
6/17/2014,9905.96,309,859,1,3020.02,5.8,368,149
6/18/2014,9691.41,275,820,1,3372.85,5.2,364,148
6/19/2014,9668.52,276,835,1,3591.26,4.9,348,147
6/20/2014,9418.98,260,811,1,3577.08,4.8,453,144
6/21/2014,9432.72,244,816,1,3199.47,4.8,424,140
6/22/2014,9540.44,248,787,1,3497.09,5.1,389,140
6/23/2014,9758.66,287,837,1,3659.1,5.6,445,141
6/24/2014,9882.78,258,848,1,3382.43,5.8,434,135
6/25/2014,10204.44,219,909,1,2696.54,5.9,458,134
6/26/2014,10740.18,235,892,1,2322.42,6,449,139
6/27/2014,10622.47,228,883,1,2950.79,5.9,444,136
6/28/2014,10738.34,224,897,1,3379.62,5.8,446,135
6/29/2014,10570.28,225,1245,1,3810.14,5.6,415,134
6/30/2014,9864.49,259,1267,1,4279.08,5.3,376,134
7/1/2014,9342.01,240,1786,1,3172.43,4.8,404,132
7/2/2014,9653.81,278,1813,1,3359.62,4.3,354,136
7/3/2014,9352.56,263,2642,1,3597.25,4.2,315,145
7/4/2014,8955.61,264,2045,1,3696.07,4.1,306,140
7/5/2014,8590.27,287,1884,1,3925.11,4.1,287,135
7/6/2014,8440,272,2108,1,3966.35,4.3,253,139
7/7/2014,8649.49,267,2023,1,3530.1,4.9,348,139
7/8/2014,8757.65,246,2082,1,3573.28,5.3,382,138
7/9/2014,8768.04,232,2001,1,3060.7,6,365,140
7/10/2014,8786.68,233,1170,1,2778.78,6.2,345,142
7/11/2014,9160.25,230,1869,1,2670.66,6.3,351,139
7/12/2014,9196.97,211,2070,1,3071.12,6.6,413,137
7/13/2014,9256,234,1488,1,3661.13,6.5,380,138
7/14/2014,9051.82,242,1919,1,4063.32,6.2,342,136
7/15/2014,8910.03,255,2270,1,3119.31,5.9,324,138
7/16/2014,8346.72,264,1436,1,2370,5.1,310,144
7/17/2014,8601.54,241,2272,1,2525.39,5,299,140
7/18/2014,8742.81,249,1881,1,2595.87,4.7,282,145
7/19/2014,8540.77,259,1024,1,3246.78,4.6,293,142
7/20/2014,8350.02,261,1666,1,2193.54,4.9,319,146
7/21/2014,8686.09,281,1984,1,2618.17,5.2,321,151
7/22/2014,8805.18,252,1380,1,2825.27,5.4,306,149
7/23/2014,9569.77,255,1777,1,2904.44,5.5,307,151
7/24/2014,10011.8,266,1950,1,3652.34,5.8,301,156
7/25/2014,9791.94,238,1560,1,4033.26,5.8,330,154
7/26/2014,9213.99,234,1684,1,4016.54,5.7,309,155
7/27/2014,8989.95,250,2073,1,3721.94,5.5,336,160
7/28/2014,8846.06,277,1479,1,3442.93,5.2,313,157
7/29/2014,8860.9,258,1920,1,3345.55,4.9,294,154
7/30/2014,8522.55,259,1900,1,3375.51,4.5,281,151
7/31/2014,7924.68,262,1862,1,3679.06,4.3,297,151
8/1/2014,7863.11,300,2008,1,3793.28,4.1,328,157
8/2/2014,7341.76,306,2121,1,3259.21,4,355,152
8/3/2014,7624.99,330,1289,1,2718.21,3.9,345,155
8/4/2014,8034.34,351,1785,1,2408.74,4.4,308,155
8/5/2014,8597.53,352,2164,1,2310.58,4.8,293,148
8/6/2014,8555.97,358,1737,1,2868.8,5.6,337,156
8/7/2014,9035.3,326,2000,1,3050.61,5.9,333,159
8/8/2014,10029.55,283,2207,1,3199.69,6.1,346,164
8/9/2014,10191.3,276,2000,1,2849.31,6.1,408,175
8/10/2014,10261.5,329,3080,1,2669.85,6.2,379,178
8/11/2014,9769.67,333,3230,1,3207.43,6.1,380,179
8/12/2014,9049.98,320,3083,1,2447.72,5.7,340,181
8/13/2014,8678.65,306,4147,1,2821.07,5.2,355,184
8/14/2014,8823.67,264,3394,1,2941.83,5,398,181
8/15/2014,8301.81,263,2058,1,3168,4.7,398,184
8/16/2014,7877.05,294,2435,1,3262.14,4.6,403,179
8/17/2014,7746.02,353,2766,1,3205.15,4.7,381,179
8/18/2014,7534.3,370,1753,1,2799.9,4.8,396,178
8/19/2014,7487.7,326,1611,1,2171.73,4.9,417,178
8/20/2014,7779.85,298,1436,1,2003.64,5,442,177
8/21/2014,8110.85,283,1275,1,2781.79,5.2,435,176
8/22/2014,7744.67,252,1662,1,2598.27,5.2,465,178
8/23/2014,8565.5,260,2141,1,2745.19,5.2,448,178
8/24/2014,8105.9,303,1278,1,2590.39,5.1,436,180
8/25/2014,8367.35,320,1709,1,2160.2,4.9,435,187
8/26/2014,8654.2,293,2475,1,2703.41,4.8,420,184
8/27/2014,8696.72,309,2233,1,2916.72,4.6,431,184
8/28/2014,8617.85,280,2775,1,2952.27,4.3,450,183
8/29/2014,8845.12,293,3064,1,2680.39,4.1,423,188
8/30/2014,9186.52,294,2645,1,2973.49,4.2,476,195
8/31/2014,9281.38,285,3041,1,2810.72,4.3,482,198
9/1/2014,8796.17,320,3810,1,3202.9,4.5,462,204
9/2/2014,8246.51,287,3040,1,2793.67,4.7,548,211
9/3/2014,8630.16,278,2990,1,2595.14,5,555,215
9/4/2014,8883.81,302,2663,1,2697.31,5.3,504,218
9/5/2014,9260.95,304,3765,1,2477.21,5.4,453,219
9/6/2014,9187.89,357,3730,1,2529.56,5.6,421,229
9/7/2014,9019.64,389,3783,1,2371.92,5.7,381,224
9/8/2014,8737.67,398,783,1,2022.24,5.6,404,229
9/9/2014,9173.86,372,844,1,2257.13,5.3,481,225
9/10/2014,8931.83,391,3278,1,2775.7,5.1,464,225
9/11/2014,9111.25,371,2636,1,2515.12,5,579,230
9/12/2014,9064.94,354,3691,1,2717.4,5.1,637,233
9/13/2014,8870.84,352,4126,1,2562.76,5,599,234
9/14/2014,8719.41,412,4408,1,2445.27,4.7,570,236
9/15/2014,8349.98,426,5676,1,2114.55,4.7,681,230
9/16/2014,8515.13,376,5097,1,2188.54,4.5,682,224
9/17/2014,8192.8,354,4275,1,2208.04,4.6,665,218
9/18/2014,8457.6,556,4044,1,1826.93,4.3,658,207
9/19/2014,8009.94,558,2689,1,1950.86,4.6,633,195
9/20/2014,7928.32,582,2728,1,1886.04,4.6,605,203
9/21/2014,7956.15,427,3264,1,1600.52,4.2,618,203
9/22/2014,8219.29,421,3148,1,1894.11,4.3,627,195
9/23/2014,7891.58,396,3354,1,1980.23,4.2,695,180
9/24/2014,7747.44,390,3200,1,1743.74,4.2,732,169
9/25/2014,7995.87,391,3238,1,417.83,4.5,775,185
9/26/2014,7743.12,430,4421,1,1260.27,4.6,677,191
9/27/2014,7976.39,520,4329,1,1370.13,4.7,613,184
9/28/2014,7881.71,550,4302,1,1030.21,5,616,178
9/29/2014,7282.42,524,4323,1,1381.07,4.8,643,179
9/30/2014,7288.85,506,3993,1,1577.79,4.7,706,175
10/1/2014,7524.66,541,2384,1,2192.42,4.8,725,169
10/2/2014,7209.51,521,2661,1,2392.75,4.9,695,167
10/3/2014,6988.34,589,2159,1,2478.14,5,614,175
10/4/2014,6792.81,520,2124,1,2477.94,5.2,584,174
10/5/2014,6887.56,510,1767,1,2419.65,5.1,515,172
10/6/2014,6772.9,572,1801,1,2357.55,4.9,444,169
10/7/2014,6530.37,526,1578,1,2279.57,5,476,172
10/8/2014,6456.41,534,1457,1,2263.95,5.3,467,174
10/9/2014,6356.33,427,861,1,2091.89,5.6,430,172
10/10/2014,6397.32,402,815,1,1889.15,5.6,441,168
10/11/2014,6231.7,403,1044,1,2030.56,5.6,510,168
10/12/2014,6420.26,426,551,1,2043.35,5.3,473,172
10/13/2014,5395.04,409,675,1,2116.5,4.8,497,167
10/14/2014,5155.96,378,981,1,1688.29,4.8,495,174
10/15/2014,6377.77,353,460,1,1726.53,3.8,503,174
10/16/2014,5827.52,353,1116,1,1665.71,4,466,170
10/17/2014,5975.92,349,1392,1,1669.87,4.1,464,165
10/18/2014,5971.66,350,342,1,1751.5,4,461,163
10/19/2014,5926.38,383,845,1,1828.99,4.1,460,165
10/20/2014,5788.99,426,1226,1,1502.52,4,454,165
10/21/2014,6372.47,471.33,386,1,1556,4.3,406,166
10/22/2014,6128.89,516.67,667,1,1683.24,4.8,405,168
10/23/2014,5844.12,562,1198,1,1576.74,5.1,278,164
10/24/2014,5985.84,558,752,1,1584.39,5.2,289,166
10/25/2014,5815.25,521,1120,1,1043.33,5.6,340,169
10/26/2014,7023,928,1008,1,1342.09,5.6,300,169
10/27/2014,6578.83,1207,463,1,1407.85,5.7,301,167
10/28/2014,6677.9,1248,1103,0.41,1484.44,5.4,289,169
10/29/2014,6992.98,1323,1305,0,1532.02,5.1,280,169
10/30/2014,6596.04,1368,1306,0.58,1556.96,5.2,229,166
10/31/2014,6964.3,1423,1293,1,639.88,4.7,213,164
11/1/2014,6852.09,1491,1844,1,1935.86,4.5,203,168
11/2/2014,7733.14,1775,1761,0.42,2045.56,4.7,195,162
11/3/2014,7763.21,1725,1654,0,2005.23,4.9,215,169
11/4/2014,7887.54,1538,2013,0,1982.36,5.3,247,168
11/5/2014,7176.65,1300,1884,0,2517.98,5.8,274,168
11/6/2014,7615.04,1385,2136,0,2706.32,6.1,284,172
11/7/2014,7762.95,1291,2591,0.59,2775.14,6.1,315,169
11/8/2014,7679.56,1194,1971,1,2790.42,6,423,168
11/9/2014,7340.46,1119,2105,1,2776.97,5.8,449,177
11/10/2014,7243.36,1017,2111,1,2743.53,5.5,470,184
11/11/2014,7090.52,937,2294,1,2526.58,5.1,497,177
11/12/2014,8043.27,879,2282,1,2537.16,4.5,523,179
11/13/2014,7901.63,839,2466,1,1790.93,4.3,537,181
11/14/2014,7683.97,786,2956,1,2210.65,4.1,544,191
11/15/2014,7870.96,760,2862,1,2169.67,4.1,526,188
11/16/2014,7737.19,747,3348,1,2120.82,4,527,182
11/17/2014,7403.59,732,2896,1,2140.68,4.1,526,181
11/18/2014,7133.85,716,3290,1,2340.64,4.5,519,183
11/19/2014,7130.06,713,3372,1,2121.86,4.9,515,187
11/20/2014,7546.14,714,3494,1,1637.77,5.3,525,183
11/21/2014,7562.58,725,2763,1,1692.76,5.7,537,187
11/22/2014,7383.55,777,2703,1,1333.34,6.2,564,180
11/23/2014,8260.81,781,3135,1,1422.79,6.3,591,188
11/24/2014,8191.67,793,5077,1,1637.6,6.2,608,180
11/25/2014,8849.59,784,4128,1,2098.12,6,616,187
11/26/2014,8383.42,767,4041,1,1829.96,5.6,620,189
11/27/2014,7992.32,788,5797,1,2461.63,5.1,636,185
11/28/2014,7613.15,795,4330,1,2318.39,4.9,655,186
11/29/2014,7982.51,801,3760,1,1963.17,4.9,680,196
11/30/2014,8201.23,826,3753,1,1067.52,4.8,678,198
12/1/2014,8216.54,863,3885,0.41,1204.81,4.7,632,196
12/2/2014,8964.32,903,4293,0,-2854.61,5,609,203
12/3/2014,12319.77,969,5601,0,-5517.01,5.4,581,204
12/4/2014,16992.05,975,5578,0,-5276.81,6.1,511,190
12/5/2014,23406.45,911,4551,0,-5064.31,6.1,557,217
12/6/2014,28899.26,874,5451,0,-5356.44,6.3,610,169
12/7/2014,26942.8,846,5648,0,-2452.11,6.2,638,134
12/8/2014,25639.93,826,6333,0,1155.32,5.9,718,169
12/9/2014,23668.65,826,8040,0,1383.92,5.6,875,172
12/10/2014,20244.92,851,8947,0,1628.24,4.8,910,198
12/11/2014,17814.9,871,8580,0,-5984.46,4.6,808,207
12/12/2014,30385.39,1185,9392,0,-8304.55,4.9,644,207
12/13/2014,44477.48,1723,10716,0,-8148.75,4.3,454,173
12/14/2014,48293.77,1737,10876,0,-8202.75,4.1,473,118
12/15/2014,55330.25,1595,10674,0,-10768.06,3.8,592,131
12/16/2014,58590.91,1698,6643,0,-5678.9,4,697,141
12/17/2014,54584.61,1843,5487,0,-4081.16,5,823,150
12/18/2014,52930.2,1848,4816,0,-4121.2,5.6,850,158
12/19/2014,53250.42,1738,4503,0,-6035.31,6.1,914,157
12/20/2014,54409.84,1662,4412,0,-4061.25,6.4,996,155
12/21/2014,54337.87,1618,4848,0,-2026.6,6.7,1011,160
12/22/2014,54782.38,1590,5139,0,-1316.52,6.8,1088,157
12/23/2014,54044.77,1501,5977,0,-1218.18,6.7,1169,154
12/24/2014,51211.06,1440,6130,0,1205.1,6.6,1181,157
12/25/2014,46313.47,1389,6730,0,2046.06,6.1,1168,162
12/26/2014,40309.26,1329,6520,0,2207.9,5.5,1173,178
12/27/2014,36002.54,1290,6084,0,2164.5,5.4,1180,195
12/28/2014,32272.19,1251,5975,0,2208.02,5.4,1181,209
12/29/2014,28820.93,1223,6287,0,2178.73,4.9,1177,220
12/30/2014,26021.38,1197,6968,0,2246.55,5.7,1172,233
12/31/2014,22870.1,1160,5868,0,2237.54,5.8,1148,241
1/1/2015,20113.48,1139,5652,0,2236.66,6.2,1132,252
1/2/2015,17858.24,1121,6046,0,2239.8,6.3,1115,259
1/3/2015,16349.52,1091,5775,0,2266,6.4,1070,255
1/4/2015,15243.35,1068,6212,0,2316.64,6.4,1061,251
1/5/2015,14386.07,1048,4877,0,2340.51,6.2,1075,250
1/6/2015,13325.91,1055,5266,0,2385.64,5.8,1069,257
1/7/2015,12700.49,1044,5953,0,2485.35,5.5,1046,248
1/8/2015,12293.16,1046,5395,0,2379.29,5.2,1041,235
1/9/2015,12020.36,1055,6063,0,2189.12,4.6,1015,241
1/10/2015,11754.35,1069,5829,0,2360.1,4.3,982,241
1/11/2015,11609.47,1056,5792,0,2346.43,4,971,239
1/12/2015,11385.07,1048,5792,0,2352.14,3.6,968,241
1/13/2015,10907.63,1014,5848,0,2245.29,3.6,971,234
1/14/2015,10324.81,926,5897,0,2182.73,4.4,957,234
1/15/2015,10006.66,956,5843,0,2002.39,5.1,907,235
1/16/2015,9790.18,942,4841,0,2050.69,5.5,852,227
1/17/2015,9911.66,894,4642,0,2003.11,6,872,230
1/18/2015,9802.08,888,4290,0,2075.26,6.3,858,225
1/19/2015,9836.09,875,4216,0,1894.63,6.6,862,230
1/20/2015,9629.59,857,4225,0,2190.45,6.6,865,226
1/21/2015,9891.99,829,4981,0,2113.18,6.4,851,231
1/22/2015,10061.79,808,5558,0,2141.3,6,832,224
1/23/2015,9740.25,798,4733,0,2113.36,5.4,827,227
1/24/2015,9668.85,717,4821,0,1900.48,4.9,869,223
1/25/2015,9530.62,545,4719,0,2267.34,4.5,913,225
1/26/2015,9517.33,774,4354,0,2406.45,4.6,948,218
1/27/2015,9644.39,805,4662,0,2382.07,4.9,1007,219
1/28/2015,9684.95,764,4846,0,2487.82,5.1,1009,220
1/29/2015,9651.98,749,4395,0,2521.41,5.4,983,236
1/30/2015,9400.75,807,4472,0,2566.61,5.5,1039,238
1/31/2015,9599.38,776,4790,0,2717.77,5.7,1001,231
2/1/2015,9403.61,796,3891,0,410.66,5.8,1018,228
2/2/2015,9392.4,867,3652,0,420.15,5.7,1176,232
2/3/2015,9540.95,866,3657,0,463.35,5.5,1323,216
2/4/2015,9770.42,863,2623,0,380.9,5.2,1274,229
2/5/2015,9906.57,885,2388,0,207.41,4.9,1144,225
2/6/2015,10090.21,887,2648,0,-1114.27,4.2,1090,247
2/7/2015,14861.58,889,4003,0,-2397.27,4.8,1046,246
2/8/2015,22292.13,927,4987,0,-4369.71,3.3,1006,240
2/9/2015,38103.39,1018,5689,0,-4025.48,4.6,970,235
2/10/2015,39643.7,1207,6434,0,-3992.85,3.8,890,155
2/11/2015,40168.6,1062,6867,0,-2732.32,4.2,971,149
2/12/2015,39992.65,1003,6955,0,-1424.56,4.4,973,154
2/13/2015,37078.93,893,6953,0,576.8,4.9,1079,155
2/14/2015,32476.31,834,5840,0,776.52,5.4,1095,178
2/15/2015,28146.58,805,6555,0,704.07,5.9,1047,208
2/16/2015,24235.45,799,6291,0,776.15,6,1010,227
2/17/2015,20904.41,786,5319,0,508.61,6.3,981,238
2/18/2015,18888.41,859.33,5848,0,579.05,6.2,915,234
2/19/2015,17101.44,932.67,5248,0,288.69,6.1,872,240
2/20/2015,16185.64,1006,5694,0,369.07,5.5,826,234
2/21/2015,15543.8,817,5610,0,486.93,5,874,237
2/22/2015,14833.86,826,4643,0,634.91,5.2,867,246
2/23/2015,14017.79,848,4629,0,669.52,5.2,899,242
2/24/2015,13085.98,908,4018,0,687.25,5.3,842,241
2/25/2015,12546.84,852,3850,0,776.93,5.2,809,240
2/26/2015,12276.73,793,4890,0,814.07,5.2,820,227
2/27/2015,11448.55,781,5681,0,629.92,4.9,835,224
2/28/2015,11597.87,804,5785,0,586.74,5.4,872,238
3/1/2015,11133.29,815,5519,0,951.14,5.2,989,235
3/2/2015,10380.6,794,5236,0,695.72,5.3,1065,241
3/3/2015,10613.96,689,5049.5,0,862.69,5.1,1067,235
3/4/2015,10439.18,629,4870,0,1009.31,5.1,979,222
3/5/2015,10318.12,594,4791,0,1052.6,4.8,851,219
3/6/2015,9707.78,569,4506,0,1168.82,4.4,670,209
3/7/2015,9288.15,552,4587,0,1140.2,4.1,617,207
3/8/2015,9075.88,574,4170,0,1185.19,4.2,703,213
3/9/2015,8959.92,561,4353,0,1227.14,4.3,868,210
3/10/2015,8915.74,512,4337,0,1138.51,4.4,876,199
3/11/2015,9224.34,466,4060,0,81.62,4.5,729,212
3/12/2015,9378.37,467,3678,0,2005.73,4.6,680,206
3/13/2015,8723.48,439,3826,0,1831.67,4.6,673,204
3/14/2015,8350.09,464,3848,0,1868.48,4.8,622,221
3/15/2015,7962.21,510,4159,0,1329.78,5.2,728,216
3/16/2015,8353.43,517,2388,0,1198.28,5.4,774,217
3/17/2015,8011.88,501,2060,0,1253.86,5.6,788,214
3/18/2015,8178.7,493,2146,0,1477.69,5.4,694,226
3/19/2015,7840.41,482,1881,0,1621.12,5.4,631,216
3/20/2015,7404.88,452,1780,0,1290.63,5.1,718,215
3/21/2015,7565.07,433,1790,0,1325.86,5.3,738,218
3/22/2015,7097.31,447,1814,0,779.62,5.6,698,221
3/23/2015,7276.47,460,1817,0,727.74,5.7,732,215
3/24/2015,7250.27,466,1803,0,1005.66,5.6,773,198
3/25/2015,7329.49,448,1789,0,1271.37,5.4,716,207
3/26/2015,7223.03,651,1712,0,1627.01,5.2,336,209
3/27/2015,6603.73,999,1801,0,1544.6,4.9,202,211
3/28/2015,6974.75,1188,1483,0,1587.08,4.7,198,208
3/29/2015,6277.29,1280,1712,0,1664.6,4.5,247,215
3/30/2015,6169.16,1207,1812,0,1627.35,4.4,376,224
3/31/2015,6203.8,1060,1777,0,1219.15,4.3,406,211
4/1/2015,6352.56,880,1623,0,1417.62,4.3,361,206
4/2/2015,6455.97,763,1623,0,1552.46,4.3,301,215
4/3/2015,5957.38,645,1312,0,1725.06,4.4,296,219
4/4/2015,6150,546,1658,0,1566.84,4.7,339,217
4/5/2015,6956.69,580,1609,0,720.51,4.7,265,212
4/6/2015,7490.73,815,1364,0,1249.72,5,191,207
4/7/2015,7400.48,1092,1530,0,-91.83,5.2,99,204
4/8/2015,8821.58,975,1526,0,1209.57,5.2,129,199
4/9/2015,7586.58,849,1525,0,1476.58,5.1,153,184
4/10/2015,7227.57,810,1518,0,1443.4,5,163,195
4/11/2015,7080.66,807,1590,0,1338.81,4.8,164,201
4/12/2015,6996.21,829,1503,0,2165.8,4.8,167,199
4/13/2015,6064.28,1186,1506,0,1910.5,4.8,116,197
4/14/2015,7114.16,1433,1433,0,1551.13,4.8,114,198
4/15/2015,6902.24,1368,1762,0,1933.07,5.1,136,198
4/16/2015,5887.33,1279,1786,0,2212.22,5.2,142,206
4/17/2015,5826.7,1264,1693,0,2296.15,5.4,149,208
4/18/2015,5476.49,1277,1403,0,2267.57,5.7,184,212
4/19/2015,5486.68,1193,1707,0,2277.26,5.9,203,214
4/20/2015,6130.57,1052,1654,0,1798.93,6.1,219,202
4/21/2015,6031.82,907,1589,0,1523.98,5.9,247,202
4/22/2015,6212.53,769,1653,0,1893.44,5.9,288,196
4/23/2015,5274.57,642,1518,0,1978.98,5.4,352,195
4/24/2015,5193.8,577,1425,0,1201.88,4.9,408,197
4/25/2015,6358.68,536,1411,0,776.26,4.5,421,190
4/26/2015,7317.52,505,1616,0,2069.87,4.4,440,180
4/27/2015,6828.74,488,1377,0,2429.23,4.4,446,169
4/28/2015,6205.42,457,1649,0,2242.67,4.3,463,174
4/29/2015,6787.54,444,1568,0,2158.23,4.2,438,174
4/30/2015,6838.94,396,1901,0,2623.86,4.4,484,169
5/1/2015,6113.01,387,1434,0,3036.62,4.8,506,166
5/2/2015,5729.13,392,1429,0,2636.13,4.9,449,167
5/3/2015,5762.14,397,1780,0,2161.77,5,439,164
5/4/2015,6304.15,420,658,0,2093.46,5.3,431,167
5/5/2015,6606.79,411,330,0,2225.18,5.6,456,163
5/6/2015,6491.19,408,668,0,2340.12,5.8,502,167
5/7/2015,7087.26,399,252,0,1494.64,5.7,446,165
5/8/2015,6927.62,405,719,0,2160.71,5.5,475,161
5/9/2015,6915.74,452,387,0,2239.83,5.2,432,157
5/10/2015,6574.93,458,794,0,2361.8,4.9,412,151
5/11/2015,6552.73,449,494,0,2109.06,4.8,409,150
5/12/2015,7037.61,401,963,0,1926.95,4.8,461,153
5/13/2015,6811.72,377,638,0,1890.67,4.8,501,148
5/14/2015,7384.29,409,918,0.57,1410.59,4.9,495,148
5/15/2015,7276.32,413,532,1,2015.66,5.4,532,151
5/16/2015,7601.94,408,943,1,2229.23,5.8,503,152
5/17/2015,7556.74,440,497,1,1967.96,6,443,152
5/18/2015,7683.53,467,856,0.41,1940.64,6.2,444,153
5/19/2015,8101.92,450,718,0,2337.62,6.3,506,154
5/20/2015,8028.31,422,590,0,2193.17,6.2,538,153
5/21/2015,8355.44,384,689,0,2099.68,5.9,568,153
5/22/2015,8134.05,385,687,0.59,2117.17,5.5,625,164
5/23/2015,8232.59,386,826,1,2127.97,5,620,164
5/24/2015,7898.36,411,824,1,2587.72,4.4,599,158
5/25/2015,7955.27,435,769,1,2296.67,4.3,539,155
5/26/2015,7530.36,422,1100,0.41,2328.46,4.2,578,163
5/27/2015,7360.77,385,1320,0,2546.97,4.1,690,172
5/28/2015,7088.55,331,1636,0,2771.42,4.2,776,171
5/29/2015,6939.91,323,873,0.61,2918.13,4.6,646,163
5/30/2015,6719.44,254,1568,1,3073.71,5.1,583,158
5/31/2015,6138.16,281,1320,1,2324.38,5.5,497,160
6/1/2015,6860.13,320,1333,0.42,2347.08,5.6,510,165
6/2/2015,6807.55,319,535,0,2676.54,6,583,163
6/3/2015,6729.3,294,1031,0,2545.16,6.2,622,166
6/4/2015,7275.66,250,437,0,2936.15,6.1,596,165
6/5/2015,7194.19,216,947,0.58,3170.69,6,723,161
6/6/2015,7049.07,228,502,1,2962.21,5.7,788,161
6/7/2015,7405.7,260,975,1,3498.31,5.3,693,157
6/8/2015,7096.22,272,470,0.42,3942.67,5,660,158
6/9/2015,6377.49,238,1030,0,2813.72,4.9,686,169
6/10/2015,7024.62,201,523,0,936.13,5,700,167
6/11/2015,6464.73,180,1128,0,3309.82,4.8,703,161
6/12/2015,6496.93,183,485,0,3749.6,5.4,736,162
6/13/2015,6029.96,174,961,0.63,3378.83,5.8,619,161
6/14/2015,6143.77,166,507,1,2959.37,5.9,676,165
6/15/2015,6415.06,158,1026,0.41,3061.49,6.1,690,174
6/16/2015,6585.6,147,589,0.58,3609.43,6.4,809,173
6/17/2015,6446.61,153,989,1,3763.82,6.2,773,164
6/18/2015,6689.98,168,608,1,3419.67,6,671,159
6/19/2015,6825.48,175,865,1,3711.56,5.8,634,158
6/20/2015,6539.61,166,683,1,3835.65,5.2,718,157
6/21/2015,6493.28,156,682,1,3044.54,4.9,666,154
6/22/2015,7036.37,156,646,1,3421.73,4.6,681,152
6/23/2015,6687.66,130,494,0.42,3700.14,4.4,752,150
6/24/2015,6674.71,112,533,0,3775.11,4.2,754,149
6/25/2015,6790.84,125,481,0,4105.31,3.9,579,148
6/26/2015,6677.76,144,570,0.49,4078.78,4.4,613,149
6/27/2015,6430.61,117,711,1,3052.35,4.7,731,150
6/28/2015,6479.67,142,801,1,3100.02,5.2,686,154
6/29/2015,7076.92,163,735,1,3759.99,5.7,652,152
6/30/2015,7268.07,177,813,1,4332.27,6.1,544,147
7/1/2015,7208.55,137,622,1,3948.1,6.3,577,146
7/2/2015,6892.15,130,727,1,3352.24,6.3,699,144
7/3/2015,7147.98,130,719,1,3688.29,6.2,873,142
7/4/2015,7022.14,130,717,1,3745.38,6.1,771,139
7/5/2015,6858.14,145,712,1,2783.81,5.7,681,137
7/6/2015,7478.75,140,708,1,3204.92,5.3,738,133
7/7/2015,7274.88,130,845,1,2809.65,5.1,871,132
7/8/2015,7040.43,130,866,1,2692.39,4.9,980,133
7/9/2015,7617.03,157,697,1,2196.68,4.6,655,131
7/10/2015,7960.35,149,676,1,2344,4.9,585,130
7/11/2015,7723.91,151,661,1,2989.07,5.4,570,132
7/12/2015,7995.24,162,662,1,2773.93,5.6,570,133
7/13/2015,8319.29,134,662,1,3380.53,6,555,135
7/14/2015,8080.57,130,666,1,3204.35,6.1,532,134
7/15/2015,8046.24,130,672,1,3741.62,6.1,519,136
7/16/2015,7900.72,130,675,1,3607.59,5.9,656,138
7/17/2015,8368.97,130,683,1,3765.33,5.6,780,139
7/18/2015,8331.91,130,687,1,3376.2,5.3,775,139
7/19/2015,8517.29,137,604,1,3621.43,5,751,131
7/20/2015,7500.31,149,741,0.45,3618.13,4.5,610,134
7/21/2015,7267.64,130,645,0,3187.61,4.3,826,139
7/22/2015,7018.4,130,411,0,2965.64,3.9,747,139
7/23/2015,7256.31,148,552,0,3060.72,3.8,553,138
7/24/2015,7200.72,169,743,0.48,3382.28,3.7,412,140
7/25/2015,7224.14,139,773,1,3365.72,4.3,535,144
7/26/2015,6800.98,133,701,1,3386.98,4.9,735,146
7/27/2015,7597.86,163,694,1,3704.88,5.3,802,145
7/28/2015,7483.88,124,697,1,4138.12,5.7,941,143
7/29/2015,7515.89,130,702,1,4183.8,5.9,871,145
7/30/2015,7562.44,130,701,1,3713.57,6.1,926,146
7/31/2015,7772.24,130,717,1,3111.19,6.2,708,145
8/1/2015,7585.18,151,715,1,3088.24,6,506,146
8/2/2015,7484.41,200,600,1,2925.38,5.8,359,141
8/3/2015,7521.79,208,815,1,2763.63,5.3,446,142
8/4/2015,7503.49,169,651,0.4,2427.66,5.1,539,144
8/5/2015,7772.88,170,683,0,3397.19,5,554,147
8/6/2015,7668.57,159,686,0,2888.06,4.7,656,146
8/7/2015,7737.46,173,742,0.46,2855.36,4.9,687,148
8/8/2015,7701.06,162,697,1,2828.95,5.1,684,148
8/9/2015,7676.08,176,683,1,3347.84,5.4,607,147
8/10/2015,7425.62,172,748,1,2954.07,5.5,611,152
8/11/2015,7663.43,142,792,0.41,3013.16,5.5,683,163
8/12/2015,8022.84,173,703,0,3070.68,5.6,490,166
8/13/2015,8025.9,161,707,0,2926.27,5.6,486,164
8/14/2015,7907.05,153,615,0.49,2990.11,5.5,496,165
8/15/2015,7667.05,168,619,1,3563.27,5.2,524,176
8/16/2015,7141.16,200,769,1,3732.71,4.9,528,161
8/17/2015,6705.28,201,610,1,3736.21,4.5,584,162
8/18/2015,5994.51,159,1109,1,3255.37,4.2,651,176
8/19/2015,6252.29,145,1089,1,2838.81,3.9,634,176
8/20/2015,6455.67,110,1062,1,2539.48,3.8,739,177
8/21/2015,6215.19,136,1033,1,2800.65,3.7,580,178
8/22/2015,6721.21,158,1034,1,2881.27,4,447,183
8/23/2015,7022.33,198,1017,1,2718.29,4.2,416,176
8/24/2015,7594.46,216,1109,1,2925.05,4.7,356,164
8/25/2015,8374.26,198,1526,1,3110.4,5.3,420,161
8/26/2015,8326.93,180,1895,1,3264.97,5.5,460,175
8/27/2015,8674.63,151,1983,1,3291.18,5.8,531,220
8/28/2015,8905.87,108,2634,1,3239.3,5.9,754,201
8/29/2015,9160.67,113,4602,1,2211.6,5.7,750,209
8/30/2015,9444.49,130,4810,1,2515.99,5.6,798,213
8/31/2015,9214.52,190,4608,1,2850.54,5.2,597,209
9/1/2015,8840.62,215,4171,1,2952.36,5.1,564,208
9/2/2015,8638.53,244,2958,1,2604.83,4.9,551,206
9/3/2015,8756.66,202,2865,1,2376.23,4.9,603,209
9/4/2015,8429.8,206,2904,1,2489.18,4.8,609,201
9/5/2015,8764.21,220,2935,1,2594.29,4.8,565,202
9/6/2015,8557.67,238,2842,1,2806.8,5.1,489,196
9/7/2015,8474.24,233,2950,1,2952.1,5.1,483,200
9/8/2015,8482.53,251,2934,1,3055.18,5.2,518,204
9/9/2015,8454.71,194,2736,1,3117.42,5.1,591,196
9/10/2015,8393.05,185,2901,1,3056.26,5,602,193
9/11/2015,8279.12,219,2688,1,2746.16,4.9,486,187
9/12/2015,8192.11,245,2748,1,1964.73,4.7,548,187
9/13/2015,8027.15,281,2466,1,2224.23,4.4,589,180
9/14/2015,7990.48,351,2527,1,1889.39,4.1,548,179
9/15/2015,8182.58,338,2622,1,1807.94,4,554,176
9/16/2015,8756.48,311,2386,1,1823.32,4.2,560,174
9/17/2015,8532.28,317,2299,1,1884.5,4.3,530,171
9/18/2015,8199.23,280,2342,1,2266.43,4.3,545,176
9/19/2015,8005.89,238,2308,1,2499.14,4.2,550,176
9/20/2015,7909.79,237,1603,1,2628.53,4.3,538,177
9/21/2015,7608.04,264,1588,1,2623.38,4.6,521,172
9/22/2015,7341.83,229,1237,1,2028.09,4.4,605,173
9/23/2015,8102.2,198,1210,1,2186.53,4.8,676,168
9/24/2015,7951.68,203,1222,1,2297.23,5.2,655,161
9/25/2015,7565.78,212,1225,1,2340.91,5.3,590,163
9/26/2015,7910.04,198,1243,1,2242.81,5.3,586,163
9/27/2015,7601.41,198,1220,1,1900.76,5,588,161
9/28/2015,7248.99,260,1233,1,1962.95,5.2,577,161
9/29/2015,7356.47,270,1153,1,1577.73,5.4,574,157
9/30/2015,7713.84,268,1230,1,1181.62,5.6,605,157
10/1/2015,7445.64,342,1135,1,1492.41,5.6,592,161
10/2/2015,7652.18,342,1132,1,2202.98,5.3,601,162
10/3/2015,6775.25,326,1096,1,1885.02,5.5,588,166
10/4/2015,7537.31,361,1238,1,1630.54,4.7,539,162
10/5/2015,7449.12,355,1114,1,1873.69,4.5,560,162
10/6/2015,7447.84,381,1204,1,1971.35,4.4,528,159
10/7/2015,7353.14,375,1120,1,2008.94,4.4,519,158
10/8/2015,7380.4,379,1218,1,2181.7,4.3,492,158
10/9/2015,7355.59,406,1265,1,2265.76,4.3,495,162
10/10/2015,6837.44,399,1296,1,2172.78,4.1,496,157
10/11/2015,7407.39,412,2219,1,2132.79,4.2,476,158
10/12/2015,7459.75,471,2304,1,2292.61,4.4,475,158
10/13/2015,7149.58,447,1755,1,2178.83,4.6,483,157
10/14/2015,6828.81,421,1764,1,2168.78,4.7,477,156
10/15/2015,7051.22,460,1948,1,1932.76,4.8,445,158
10/16/2015,7198.4,484,1936,1,1915.05,4.9,423,160
10/17/2015,7139.35,478,1879,1,1654.26,4.7,417,161
10/18/2015,7294.02,458,1388,1,1679.07,4.7,437,163
10/19/2015,7652.4,436,1025,1,1677.16,4.5,449,159
10/20/2015,7677.1,349,1173,1,1906.65,4.5,462,162
10/21/2015,7135.6,330,1121,1,1862.11,4.5,451,159
10/22/2015,7270.46,469,1355,1,1823.99,4.5,329,161
10/23/2015,7013.79,576,1333,1,1764.43,4.5,270,160
10/24/2015,6791.59,480,1098,1,1684.45,4.7,278,158.5
10/25/2015,6302.93,445,1378,1,1708.44,4.9,300,157
10/26/2015,6417.76,991,1318,1,1739.54,5.6,177,161
10/27/2015,6245.65,1412,1370,1,1384.34,5.9,188,163
10/28/2015,6199.86,1578,1219,1,1480.14,6.1,246,163
10/29/2015,6878.79,1606,1264,0.53,1658.38,6.1,242,166
10/30/2015,6511.24,1554,1248,0.51,1749,6,163,166
10/31/2015,6314.2,1490,1338,1,1763.65,5.7,159,164
11/1/2015,6668.57,1492,1886,1,2133.22,5,155,163
11/2/2015,6517.09,1876,1024,1,503.18,4.8,136,165
11/3/2015,7160.95,2032,1714,1,358.3,4.2,143,169
11/4/2015,7231.47,1971,3008,1,479.82,4.3,152,166
11/5/2015,6337.43,1820,3185,1,396.91,4.4,155,170
11/6/2015,5936.43,1593,3519,1,693.2,4.4,166,175
11/7/2015,5771.41,1168,3255,1,2541.7,4.1,174,176
11/8/2015,5628.13,1075,3086,1,2280.8,4.6,194,174
11/9/2015,6002.58,1008,3058,1,1504.08,4.8,211,177
11/10/2015,6807.17,957,2952,1,1588.82,5.2,229,172
11/11/2015,6880.27,868,2941,1,1655.02,5.4,244,167
11/12/2015,6586.02,787,2925,0.42,1673.99,5.4,273,167
11/13/2015,6464.22,723,3108,0.59,1775.54,5.5,295,172
11/14/2015,6134.05,693,2946,1,2428.69,5.4,325,181
11/15/2015,5709.08,691,2892,1,1999.43,5.5,338,179
11/16/2015,7772.59,676,2825,1,2270.9,5.2,347,181
11/17/2015,6512.26,657,2640,1,2354.04,4.9,355,182
11/18/2015,6280.21,633,2600,0.43,2431.29,4.9,365,183
11/19/2015,6366.29,633,2585,0,2335.56,4.7,367,188
11/20/2015,6179.19,626,2551,0.58,2587,4.8,374,190
11/21/2015,6174.99,614,2466,1,2605.52,4.7,381,184
11/22/2015,5767.28,621,1175,1,2558.48,4.9,388,186
11/23/2015,5535.81,609,1208,1,2545.14,5.5,394,185
11/24/2015,5696.1,603,1120,1,2041.53,6.1,394,194
11/25/2015,6688.21,610,1114,1,2267.41,6.4,391,188
11/26/2015,6593.92,632,1143,1,2251.08,6.4,395,187
11/27/2015,6584.05,631,1146,1,2322.7,6.3,417,190
11/28/2015,6369.55,614,1144,1,2278.46,6,440,186
11/29/2015,6395.95,626,1142,1,2436.28,5.6,433,180
11/30/2015,6655.05,629,1140,1,2400.2,5,427,179
12/1/2015,6726.21,622,1000,0.54,2366.04,4.4,432,169
12/2/2015,6974.17,600,655,0,2299.13,4.4,432,172
12/3/2015,6717.68,604,777,0,1902.73,4.5,426,173
12/4/2015,7913.29,604,1052,0.37,2137.29,4.1,451,173
12/5/2015,7885.8,604,661,1,2026.58,4,487,187
12/6/2015,7761.83,606,645,1,2061.04,4.5,517,173
12/7/2015,8146.98,609,638,1,2004.93,4.8,550,186
12/8/2015,8239.59,616,652,1,1984.39,5.3,556,191
12/9/2015,8456.57,616,641,1,2204.62,5.4,534,188
12/10/2015,7783.73,610,660,1,1601.53,5.7,507,174
12/11/2015,8577.58,625,656,1,1401.22,5.9,485,181
12/12/2015,9610.8,648,648,1,1479.9,5.9,486,181
12/13/2015,10126.91,651,646,1,418.41,6.2,491,182
12/14/2015,11458.41,651,698,1,296.2,5.8,491,186
12/15/2015,10288.05,658,670,0.45,720.8,5.4,489,192
12/16/2015,10976.02,665,694,0,1151.77,4.9,495,197
12/17/2015,9850.59,672,1050,0,1231.6,4.8,512,200
12/18/2015,8363.38,667,1211,0,1852.35,5,555,209
12/19/2015,8614.19,670,1364,0,1716.74,4.7,597,205
12/20/2015,9446.67,697,1506,0,1290.56,4.7,579,201
12/21/2015,13530.66,693,1311,0,31.36,5.2,555,205
12/22/2015,17326.07,711,3075,0,-184.66,6,627,190
12/23/2015,19159.63,828,4667,0,76.75,6.3,613,164
12/24/2015,24461.9,1254,5581,0,-248.82,6.6,461,158
12/25/2015,23850.73,1312,5851,0,270.34,6.7,378,148
12/26/2015,18657.34,1110,5604,0,1250.33,6.5,525,145
12/27/2015,13838.44,1045,6604,0,1531.2,6.1,568,174
12/28/2015,11932.77,997,6748,0,1312.07,5.6,486,179
12/29/2015,10904.06,952,6763,0,1696.27,5.1,536,181
12/30/2015,10104.35,908,6600,0,1784.51,4.7,541,194
12/31/2015,9197.19,869,5780,0,1906.32,4.4,557,205
